{"cameraMode":{"drawMode":0,"name":"Shaded","section":"Shading Mode"},"sceneLighting":true,"audioPlay":false,"sceneViewState":{"m_AlwaysRefresh":false,"showFog":true,"showSkybox":true,"showFlares":true,"showImageEffects":true,"showParticleSystems":true,"showVisualEffectGraphs":true,"m_FxEnabled":true},"in2DMode":false,"pivot":{"x":-3.0150527954101564,"y":-33.513389587402347,"z":1.9147205352783204},"rotation":{"x":0.5355426669120789,"y":-0.05544263496994972,"z":0.0351591557264328,"w":0.8421773314476013},"size":21.354637145996095,"orthographic":false}